category_id,category
cat1,food
cat2,music
cat3,technology
cat2,music
cat4,theater
cat4,theater
cat5,film & video
cat4,theater
cat4,theater
cat2,music
cat5,film & video
cat4,theater
cat5,film & video
cat2,music
cat2,music
cat3,technology
cat6,publishing
cat5,film & video
cat4,theater
cat4,theater
cat5,film & video
cat4,theater
cat4,theater
cat5,film & video
cat3,technology
cat7,games
cat4,theater
cat2,music
cat4,theater
cat5,film & video
cat5,film & video
cat7,games
cat5,film & video
cat4,theater
cat5,film & video
cat5,film & video
cat4,theater
cat6,publishing
cat8,photography
cat4,theater
cat3,technology
cat2,music
cat1,food
cat6,publishing
cat6,publishing
cat4,theater
cat2,music
cat4,theater
cat4,theater
cat2,music
cat2,music
cat3,technology
cat4,theater
cat5,film & video
cat3,technology
cat2,music
cat3,technology
cat7,games
cat4,theater
cat4,theater
cat4,theater
cat4,theater
cat3,technology
cat4,theater
cat3,technology
cat4,theater
cat4,theater
cat3,technology
cat4,theater
cat4,theater
cat4,theater
cat4,theater
cat5,film & video
cat2,music
cat2,music
cat8,photography
cat4,theater
cat5,film & video
cat6,publishing
cat4,theater
cat7,games
cat2,music
cat7,games
cat2,music
cat3,technology
cat2,music
cat4,theater
cat2,music
cat6,publishing
cat4,theater
cat4,theater
cat6,publishing
cat7,games
cat4,theater
cat3,technology
cat5,film & video
cat4,theater
cat1,food
cat7,games
cat4,theater
cat4,theater
cat2,music
cat3,technology
cat2,music
cat2,music
cat3,technology
cat4,theater
cat4,theater
cat5,film & video
cat5,film & video
cat1,food
cat6,publishing
cat3,technology
cat1,food
cat3,technology
cat6,publishing
cat4,theater
cat5,film & video
cat8,photography
cat5,film & video
cat7,games
cat7,games
cat6,publishing
cat4,theater
cat8,photography
cat4,theater
cat4,theater
cat4,theater
cat2,music
cat1,food
cat5,film & video
cat3,technology
cat4,theater
cat2,music
cat5,film & video
cat4,theater
cat5,film & video
cat6,publishing
cat7,games
cat3,technology
cat5,film & video
cat3,technology
cat3,technology
cat2,music
cat4,theater
cat3,technology
cat4,theater
cat4,theater
cat3,technology
cat2,music
cat2,music
cat2,music
cat2,music
cat4,theater
cat2,music
cat4,theater
cat2,music
cat8,photography
cat2,music
cat4,theater
cat3,technology
cat3,technology
cat2,music
cat8,photography
cat4,theater
cat3,technology
cat8,photography
cat4,theater
cat2,music
cat5,film & video
cat2,music
cat6,publishing
cat5,film & video
cat4,theater
cat3,technology
cat4,theater
cat4,theater
cat4,theater
cat1,food
cat4,theater
cat3,technology
cat3,technology
cat4,theater
cat2,music
cat4,theater
cat5,film & video
cat4,theater
cat5,film & video
cat4,theater
cat4,theater
cat4,theater
cat4,theater
cat2,music
cat2,music
cat2,music
cat2,music
cat3,technology
cat5,film & video
cat2,music
cat2,music
cat4,theater
cat3,technology
cat1,food
cat4,theater
cat2,music
cat4,theater
cat6,publishing
cat2,music
cat5,film & video
cat5,film & video
cat5,film & video
cat4,theater
cat4,theater
cat2,music
cat2,music
cat4,theater
cat4,theater
cat5,film & video
cat5,film & video
cat5,film & video
cat4,theater
cat1,food
cat8,photography
cat4,theater
cat5,film & video
cat2,music
cat8,photography
cat7,games
cat5,film & video
cat7,games
cat7,games
cat4,theater
cat4,theater
cat5,film & video
cat7,games
cat5,film & video
cat2,music
cat5,film & video
cat4,theater
cat3,technology
cat4,theater
cat6,publishing
cat2,music
cat4,theater
cat4,theater
cat4,theater
cat3,technology
cat6,publishing
cat7,games
cat6,publishing
cat2,music
cat4,theater
cat4,theater
cat5,film & video
cat6,publishing
cat2,music
cat2,music
cat4,theater
cat4,theater
cat8,photography
cat2,music
cat2,music
cat2,music
cat8,photography
cat4,theater
cat4,theater
cat2,music
cat4,theater
cat5,film & video
cat5,film & video
cat7,games
cat8,photography
cat4,theater
cat4,theater
cat4,theater
cat6,publishing
cat7,games
cat4,theater
cat3,technology
cat4,theater
cat5,film & video
cat4,theater
cat5,film & video
cat2,music
cat3,technology
cat4,theater
cat4,theater
cat2,music
cat2,music
cat4,theater
cat5,film & video
cat3,technology
cat1,food
cat4,theater
cat4,theater
cat4,theater
cat4,theater
cat4,theater
cat2,music
cat1,food
cat6,publishing
cat5,film & video
cat4,theater
cat2,music
cat5,film & video
cat4,theater
cat4,theater
cat6,publishing
cat4,theater
cat2,music
cat7,games
cat4,theater
cat4,theater
cat2,music
cat5,film & video
cat4,theater
cat1,food
cat4,theater
cat2,music
cat3,technology
cat6,publishing
cat5,film & video
cat4,theater
cat5,film & video
cat4,theater
cat4,theater
cat5,film & video
cat4,theater
cat2,music
cat7,games
cat5,film & video
cat1,food
cat3,technology
cat4,theater
cat2,music
cat2,music
cat2,music
cat4,theater
cat4,theater
cat4,theater
cat8,photography
cat2,music
cat4,theater
cat4,theater
cat7,games
cat5,film & video
cat2,music
cat3,technology
cat1,food
cat4,theater
cat2,music
cat2,music
cat4,theater
cat4,theater
cat5,film & video
cat3,technology
cat4,theater
cat7,games
cat8,photography
cat5,film & video
cat4,theater
cat4,theater
cat2,music
cat2,music
cat2,music
cat4,theater
cat4,theater
cat4,theater
cat5,film & video
cat5,film & video
cat4,theater
cat4,theater
cat5,film & video
cat4,theater
cat5,film & video
cat2,music
cat2,music
cat4,theater
cat5,film & video
cat4,theater
cat4,theater
cat4,theater
cat8,photography
cat1,food
cat5,film & video
cat6,publishing
cat4,theater
cat3,technology
cat2,music
cat4,theater
cat8,photography
cat6,publishing
cat3,technology
cat2,music
cat5,film & video
cat4,theater
cat5,film & video
cat2,music
cat5,film & video
cat2,music
cat8,photography
cat4,theater
cat5,film & video
cat4,theater
cat4,theater
cat4,theater
cat5,film & video
cat4,theater
cat5,film & video
cat2,music
cat7,games
cat4,theater
cat6,publishing
cat5,film & video
cat1,food
cat4,theater
cat5,film & video
cat4,theater
cat5,film & video
cat3,technology
cat4,theater
cat3,technology
cat4,theater
cat1,food
cat2,music
cat8,photography
cat4,theater
cat4,theater
cat5,film & video
cat8,photography
cat4,theater
cat4,theater
cat4,theater
cat5,film & video
cat4,theater
cat4,theater
cat2,music
cat5,film & video
cat4,theater
cat5,film & video
cat5,film & video
cat3,technology
cat4,theater
cat4,theater
cat2,music
cat4,theater
cat3,technology
cat5,film & video
cat7,games
cat7,games
cat5,film & video
cat2,music
cat5,film & video
cat5,film & video
cat5,film & video
cat4,theater
cat2,music
cat4,theater
cat4,theater
cat5,film & video
cat4,theater
cat5,film & video
cat7,games
cat5,film & video
cat4,theater
cat6,publishing
cat3,technology
cat3,technology
cat4,theater
cat5,film & video
cat3,technology
cat1,food
cat2,music
cat2,music
cat5,film & video
cat6,publishing
cat6,publishing
cat5,film & video
cat3,technology
cat1,food
cat8,photography
cat4,theater
cat6,publishing
cat4,theater
cat1,food
cat4,theater
cat6,publishing
cat4,theater
cat4,theater
cat3,technology
cat9,journalism
cat1,food
cat5,film & video
cat8,photography
cat3,technology
cat4,theater
cat5,film & video
cat3,technology
cat3,technology
cat5,film & video
cat4,theater
cat5,film & video
cat7,games
cat5,film & video
cat2,music
cat6,publishing
cat4,theater
cat3,technology
cat4,theater
cat4,theater
cat5,film & video
cat4,theater
cat7,games
cat5,film & video
cat2,music
cat4,theater
cat6,publishing
cat1,food
cat5,film & video
cat2,music
cat4,theater
cat5,film & video
cat5,film & video
cat5,film & video
cat4,theater
cat3,technology
cat4,theater
cat5,film & video
cat2,music
cat7,games
cat6,publishing
cat7,games
cat4,theater
cat2,music
cat5,film & video
cat4,theater
cat6,publishing
cat5,film & video
cat7,games
cat1,food
cat8,photography
cat7,games
cat2,music
cat7,games
cat2,music
cat4,theater
cat4,theater
cat5,film & video
cat4,theater
cat3,technology
cat2,music
cat3,technology
cat4,theater
cat2,music
cat2,music
cat2,music
cat6,publishing
cat5,film & video
cat4,theater
cat4,theater
cat5,film & video
cat4,theater
cat2,music
cat5,film & video
cat4,theater
cat4,theater
cat2,music
cat2,music
cat4,theater
cat5,film & video
cat2,music
cat5,film & video
cat2,music
cat9,journalism
cat1,food
cat4,theater
cat4,theater
cat2,music
cat5,film & video
cat2,music
cat4,theater
cat3,technology
cat7,games
cat5,film & video
cat3,technology
cat6,publishing
cat2,music
cat1,food
cat4,theater
cat5,film & video
cat6,publishing
cat7,games
cat4,theater
cat5,film & video
cat4,theater
cat4,theater
cat5,film & video
cat4,theater
cat2,music
cat5,film & video
cat1,food
cat3,technology
cat4,theater
cat4,theater
cat4,theater
cat6,publishing
cat2,music
cat1,food
cat2,music
cat5,film & video
cat4,theater
cat4,theater
cat2,music
cat4,theater
cat4,theater
cat4,theater
cat2,music
cat4,theater
cat6,publishing
cat4,theater
cat8,photography
cat4,theater
cat2,music
cat4,theater
cat8,photography
cat4,theater
cat4,theater
cat1,food
cat2,music
cat4,theater
cat4,theater
cat4,theater
cat4,theater
cat5,film & video
cat5,film & video
cat5,film & video
cat5,film & video
cat4,theater
cat4,theater
cat5,film & video
cat4,theater
cat4,theater
cat3,technology
cat4,theater
cat4,theater
cat2,music
cat7,games
cat6,publishing
cat1,food
cat4,theater
cat2,music
cat5,film & video
cat3,technology
cat3,technology
cat2,music
cat8,photography
cat1,food
cat5,film & video
cat2,music
cat5,film & video
cat4,theater
cat2,music
cat4,theater
cat4,theater
cat2,music
cat5,film & video
cat4,theater
cat9,journalism
cat4,theater
cat4,theater
cat2,music
cat4,theater
cat4,theater
cat2,music
cat8,photography
cat9,journalism
cat8,photography
cat6,publishing
cat5,film & video
cat1,food
cat7,games
cat4,theater
cat4,theater
cat4,theater
cat6,publishing
cat4,theater
cat3,technology
cat4,theater
cat5,film & video
cat3,technology
cat5,film & video
cat5,film & video
cat2,music
cat4,theater
cat4,theater
cat2,music
cat4,theater
cat2,music
cat3,technology
cat5,film & video
cat3,technology
cat4,theater
cat3,technology
cat6,publishing
cat5,film & video
cat6,publishing
cat3,technology
cat5,film & video
cat4,theater
cat4,theater
cat4,theater
cat4,theater
cat4,theater
cat6,publishing
cat2,music
cat7,games
cat4,theater
cat5,film & video
cat3,technology
cat6,publishing
cat4,theater
cat2,music
cat5,film & video
cat4,theater
cat4,theater
cat7,games
cat4,theater
cat3,technology
cat4,theater
cat5,film & video
cat3,technology
cat3,technology
cat2,music
cat2,music
cat4,theater
cat8,photography
cat6,publishing
cat2,music
cat4,theater
cat2,music
cat4,theater
cat4,theater
cat2,music
cat4,theater
cat4,theater
cat3,technology
cat3,technology
cat4,theater
cat5,film & video
cat3,technology
cat2,music
cat6,publishing
cat4,theater
cat8,photography
cat4,theater
cat4,theater
cat4,theater
cat5,film & video
cat2,music
cat2,music
cat7,games
cat2,music
cat2,music
cat4,theater
cat2,music
cat2,music
cat5,film & video
cat6,publishing
cat4,theater
cat7,games
cat4,theater
cat4,theater
cat2,music
cat4,theater
cat3,technology
cat2,music
cat4,theater
cat4,theater
cat5,film & video
cat4,theater
cat5,film & video
cat4,theater
cat5,film & video
cat2,music
cat3,technology
cat5,film & video
cat2,music
cat2,music
cat5,film & video
cat4,theater
cat4,theater
cat1,food
cat4,theater
cat6,publishing
cat2,music
cat5,film & video
cat7,games
cat3,technology
cat4,theater
cat4,theater
cat2,music
cat8,photography
cat8,photography
cat4,theater
cat2,music
cat5,film & video
cat5,film & video
cat4,theater
cat1,food
cat5,film & video
cat4,theater
cat7,games
cat6,publishing
cat7,games
cat2,music
cat2,music
cat4,theater
cat6,publishing
cat4,theater
cat7,games
cat2,music
cat5,film & video
cat2,music
cat2,music
cat6,publishing
cat5,film & video
cat4,theater
cat5,film & video
cat4,theater
cat4,theater
cat4,theater
cat8,photography
cat6,publishing
cat6,publishing
cat4,theater
cat3,technology
cat2,music
cat2,music
cat4,theater
cat5,film & video
cat4,theater
cat3,technology
cat3,technology
cat8,photography
cat5,film & video
cat3,technology
cat3,technology
cat1,food
cat5,film & video
cat2,music
cat2,music
cat2,music
cat7,games
cat2,music
cat6,publishing
cat4,theater
cat1,food
cat5,film & video
cat1,food
cat4,theater
cat3,technology
cat4,theater
cat4,theater
cat5,film & video
cat5,film & video
cat4,theater
cat8,photography
cat1,food
cat4,theater
cat5,film & video
cat4,theater
cat4,theater
cat5,film & video
cat8,photography
cat8,photography
cat2,music
cat8,photography
cat1,food
cat2,music
cat6,publishing
cat2,music
cat4,theater
cat4,theater
cat5,film & video
cat4,theater
cat4,theater
cat2,music
cat4,theater
cat4,theater
cat2,music
cat2,music
cat5,film & video
cat6,publishing
cat5,film & video
cat5,film & video
cat4,theater
cat1,food
cat4,theater
cat5,film & video
cat2,music
cat3,technology
cat2,music
cat3,technology
cat6,publishing
cat6,publishing
cat4,theater
cat5,film & video
cat4,theater
cat7,games
cat4,theater
cat4,theater
cat3,technology
cat5,film & video
cat5,film & video
cat4,theater
cat5,film & video
cat8,photography
cat5,film & video
cat6,publishing
cat4,theater
cat5,film & video
cat3,technology
cat2,music
cat4,theater
cat4,theater
cat4,theater
cat1,food
cat4,theater
cat3,technology
cat4,theater
cat4,theater
cat4,theater
cat2,music
cat4,theater
cat4,theater
cat4,theater
cat4,theater
cat5,film & video
cat6,publishing
cat7,games
cat3,technology
cat4,theater
cat4,theater
cat1,food
cat8,photography
cat8,photography
cat4,theater
cat4,theater
cat5,film & video
cat3,technology
cat4,theater
cat2,music
cat5,film & video
cat5,film & video
cat3,technology
cat4,theater
cat5,film & video
cat4,theater
cat5,film & video
cat6,publishing
cat3,technology
cat6,publishing
cat1,food
cat8,photography
cat4,theater
cat2,music
cat4,theater
cat2,music
cat1,food
cat4,theater
cat4,theater
cat5,film & video
cat3,technology
cat4,theater
cat2,music
cat4,theater
cat4,theater
cat1,food
cat7,games
cat4,theater
cat6,publishing
cat3,technology
cat5,film & video
cat5,film & video
cat4,theater
cat2,music
cat2,music
cat5,film & video
cat6,publishing
cat6,publishing
cat5,film & video
cat2,music
cat5,film & video
cat8,photography
cat6,publishing
cat1,food
cat4,theater
cat4,theater
cat2,music
cat1,food
